Build ID,Date,Path
"403a426a3cf20c6ba7ebf8bf7b2011252e5c7410","Wed, 14 Dec 2022 21:42:48 GMT","2022/12/14"
"5cc1ccd1ea49514112b6846eac70bb5b1de1bbde","Wed, 14 Dec 2022 22:12:26 GMT","2022/12/14"
"ab4fb38014270aa87b48cfbbb03ea4f652c9a8a2","Wed, 14 Dec 2022 22:16:42 GMT","2022/12/14"
"d7fcac6ffb87eb75b28cc38ba402e2ffac8d0d1a","Wed, 14 Dec 2022 22:25:54 GMT","2022/12/14"
"64bc3db013becc50bdd148b33dddcb271e40eb74","Wed, 14 Dec 2022 22:44:35 GMT","2022/12/14"
"43d100ed0cc43e9a60e823bdbbe43d8d475a860a","Wed, 14 Dec 2022 23:17:49 GMT","2022/12/14"
"da8c9d911c1b13bac5055ecf5dd70af4ec1bc727","Wed, 14 Dec 2022 23:21:06 GMT","2022/12/14"
"5bd18bafc381b079bdc9248ce876119e4cdc0189","Wed, 14 Dec 2022 23:31:05 GMT","2022/12/14"
"8e226611742b331faba64f966958b52179701a8e","Wed, 14 Dec 2022 23:38:15 GMT","2022/12/14"
"869a323d2808bc82ed1029cee5f36ce919bfa320","Wed, 14 Dec 2022 23:43:38 GMT","2022/12/14"
"3c83740badf6ffc26b7633bbb281531eabd5b7e5","Wed, 14 Dec 2022 23:45:40 GMT","2022/12/14"
"57b403ad331e42e21d716bd10e515e5cb51f3d9d","Wed, 14 Dec 2022 23:49:51 GMT","2022/12/14"
"65079ec92cf5d244a19db7fac839ff471dab69ad","Wed, 14 Dec 2022 23:58:37 GMT","2022/12/14"
"dfae260e9883aca69dfcbec952a7d7e9dc65f577","Thu, 15 Dec 2022 00:10:26 GMT","2022/12/15"
"bd01a2d8aa04aaf4c4193d35dde8b0a1ed0da44c","Thu, 15 Dec 2022 00:11:27 GMT","2022/12/15"
"5281bfadcfa07c259a8b573274804b15ec358aa8","Thu, 15 Dec 2022 00:24:02 GMT","2022/12/15"
"9444c39c92eff77244daf9a99835ec6922704160","Thu, 15 Dec 2022 00:40:36 GMT","2022/12/15"
"f1d26c66a4f7582599038b31c352b03199c8eb3a","Thu, 15 Dec 2022 00:42:46 GMT","2022/12/15"
"66f4d167409fcd839eff51968b12eaab4030d6f6","Thu, 15 Dec 2022 00:55:08 GMT","2022/12/15"
"97670a23a665560641397916c815c10fee70070d","Thu, 15 Dec 2022 01:10:05 GMT","2022/12/15"
"b4e1ada1de70725544c8a6cb483220478213f5eb","Thu, 15 Dec 2022 01:14:02 GMT","2022/12/15"
"c8404f65a48935982285cd1b2ef9a6bcd658d40c","Thu, 15 Dec 2022 01:27:23 GMT","2022/12/15"
"63a4606116830e543ffae691bfea88d724d2c09a","Thu, 15 Dec 2022 06:40:59 GMT","2022/12/15"
"0c277576c348474d95391d8c693b0ba879e8f2d2","Thu, 15 Dec 2022 15:23:54 GMT","2022/12/15"
"4fcae0f6c1a10228aa13a3ab292ce9b19b56be34","Thu, 15 Dec 2022 16:13:25 GMT","2022/12/15"
"0c720536bcbcd04f8ec7667a98c33b1256b020aa","Thu, 15 Dec 2022 16:44:15 GMT","2022/12/15"
"e19780255e2fde319172e55d3db01e1b80627e5c","Thu, 15 Dec 2022 17:34:55 GMT","2022/12/15"
"46a5d6d1d0c4680901aae7e6d7b7dfb9dda05233","Thu, 15 Dec 2022 17:45:19 GMT","2022/12/15"
"a4646213f1576fb2ba7cb819729af003240c2673","Thu, 15 Dec 2022 18:24:23 GMT","2022/12/15"
"9cd72951071724330473b87e843aaadf3efaf370","Thu, 15 Dec 2022 18:28:24 GMT","2022/12/15"
"85c123cb13448a5d5ffab1853e66d790d03aa3fd","Thu, 15 Dec 2022 18:47:25 GMT","2022/12/15"
"bdd63991bfd97518d94b72751a7cdac909c3210f","Thu, 15 Dec 2022 19:16:12 GMT","2022/12/15"
"ab4a11fc6812b41bb2a8e229626bbbdbdc9bfba3","Thu, 15 Dec 2022 19:33:01 GMT","2022/12/15"
"0af2ae9d7d11f5d723a4977d08e83898ed6e85a7","Thu, 15 Dec 2022 20:16:57 GMT","2022/12/15"
"d6fdeb75fe430dec0e7c79fd5bf512b16a52c09d","Thu, 15 Dec 2022 20:18:36 GMT","2022/12/15"
"43e8fe0ed69e37ff7a0fdd987a9c4870563c7bda","Thu, 15 Dec 2022 20:25:44 GMT","2022/12/15"
"52cc950d5d531c482557606d03732802c61fc220","Thu, 15 Dec 2022 20:33:15 GMT","2022/12/15"
"161516bc57a65b15f298da5c0f528a5c5aae49e0","Thu, 15 Dec 2022 20:43:12 GMT","2022/12/15"
"c378ad4ad31725014db7080ca9ae640e7d666b53","Thu, 15 Dec 2022 21:08:57 GMT","2022/12/15"
"1911f347bb23269ab47e931d4e97f75c3dcf658e","Thu, 15 Dec 2022 21:20:52 GMT","2022/12/15"
"1a015b36ef07d319a781ecb3133093418f215b11","Thu, 15 Dec 2022 21:53:29 GMT","2022/12/15"
"0fd545af5329475848e5c4c259ff51aca8490e21","Thu, 15 Dec 2022 21:57:27 GMT","2022/12/15"
"42e17f09df7eb0f6014ebe5c30e4812f1766167a","Thu, 15 Dec 2022 22:06:57 GMT","2022/12/15"
"08590ae06b00c090cd16200ebea6aa3192c24253","Thu, 15 Dec 2022 22:20:54 GMT","2022/12/15"
"0826ea5db5a9c3367d8c62e17c509f34626fcb67","Thu, 15 Dec 2022 22:24:04 GMT","2022/12/15"
"204f4ace04ba76720ae52b0d2282992e875ee6d5","Thu, 15 Dec 2022 22:39:52 GMT","2022/12/15"
"b6b78dffa949c6fe7c8e3c344496a8dfb452435e","Thu, 15 Dec 2022 22:46:49 GMT","2022/12/15"
"79ac697b7908e8541a5e7833aa564f71ee1f2413","Thu, 15 Dec 2022 22:49:42 GMT","2022/12/15"
"95f6d4f4caf661e594bde51b3e15518ddd793d8b","Thu, 15 Dec 2022 23:16:32 GMT","2022/12/15"
"155cbb911d5dd28bf005dbb30f27693d3224b482","Thu, 15 Dec 2022 23:28:31 GMT","2022/12/15"
"4dfdf532a25e04179423cb4db15bcc474d398e6c","Thu, 15 Dec 2022 23:30:49 GMT","2022/12/15"
"941ce80fb808fa8a068c81a1e65b18afeee9dcad","Thu, 15 Dec 2022 23:31:01 GMT","2022/12/15"
"75118516ac746224eaa7ab60249a1cd41854ae54","Thu, 15 Dec 2022 23:47:02 GMT","2022/12/15"
"789b6cf7b0520a6ec0c5839ca10289c95abae171","Thu, 15 Dec 2022 23:52:55 GMT","2022/12/15"
"242d9df0eddaec5812a04958ed0a351c0c664975","Fri, 16 Dec 2022 00:02:32 GMT","2022/12/16"
"bd8c17007612c83e71ca72c4d2479908796547dc","Fri, 16 Dec 2022 00:21:14 GMT","2022/12/16"
"95c9c9be8763293d83373c5c053a0591687045b7","Fri, 16 Dec 2022 00:26:32 GMT","2022/12/16"
"868c0cdf2189bbdeb892ae2b1e491bed3274e309","Fri, 16 Dec 2022 00:42:07 GMT","2022/12/16"
"d7e23c11c7dd220a68dd7348c89b02a9a61250f9","Fri, 16 Dec 2022 00:53:47 GMT","2022/12/16"
"3b97c02f1d6f7089e4d05e08f9f16415af1b7283","Fri, 16 Dec 2022 00:57:23 GMT","2022/12/16"
"960bd6a126ed50b31e1973f06fa756dc26d576d1","Fri, 16 Dec 2022 02:17:52 GMT","2022/12/16"
"5f5b19008287e4d47a8ee34b4de566528809aa0e","Fri, 16 Dec 2022 02:17:54 GMT","2022/12/16"
"a0fa5a6030decfaee90b84f29de32ef6b23db435","Fri, 16 Dec 2022 03:01:02 GMT","2022/12/16"
"aec5644a25b479c5074f78341df5d62569393eb6","Fri, 16 Dec 2022 07:22:32 GMT","2022/12/16"
"98d4710a1a57a5c69ceb613b024573a9563257bb","Fri, 16 Dec 2022 17:22:13 GMT","2022/12/16"
"d808fe1531c70a83866b9d72651ba880bc4f3410","Fri, 16 Dec 2022 17:45:47 GMT","2022/12/16"
"0127729b24e3dc2ac0b2fc2c20abc8e58310b9c0","Fri, 16 Dec 2022 18:19:12 GMT","2022/12/16"
"79a6c1422e9f3c82253bbf9bd1475b8028dc3a1b","Fri, 16 Dec 2022 18:30:35 GMT","2022/12/16"
"e01975775ccb50913fdd05d5a02800b3096a9bd4","Fri, 16 Dec 2022 18:44:01 GMT","2022/12/16"
"a96f9834ab66d365a623ec7da9b2b9fa365948ff","Fri, 16 Dec 2022 19:03:12 GMT","2022/12/16"
"0420e29e044b94f83b9fa26074a43c6d9db979c2","Fri, 16 Dec 2022 19:08:53 GMT","2022/12/16"
"f345db1a8ef197854964fd8d3c4803b0374974de","Fri, 16 Dec 2022 19:21:52 GMT","2022/12/16"
"336c8cb04b49b045b9f34f56ffc1b2d0f180ccbd","Fri, 16 Dec 2022 19:50:20 GMT","2022/12/16"
"4b9b22621d9c501498945932e979e893c2d59434","Fri, 16 Dec 2022 20:07:26 GMT","2022/12/16"
"b4418f3fef1b1b9f0c876ceed1812c2c5f01d7fd","Fri, 16 Dec 2022 20:10:43 GMT","2022/12/16"
"1b2d9de452c6f8d1810c1344623dcfffe4b955bf","Fri, 16 Dec 2022 20:22:26 GMT","2022/12/16"
"bf88762b586ca20187128df4dec053678a06311b","Fri, 16 Dec 2022 20:27:15 GMT","2022/12/16"
"36ddbc2d43b8448a30aa04942cf90f140cc1223e","Fri, 16 Dec 2022 20:30:07 GMT","2022/12/16"
"09eb0623c9590985c460e75424797e24cac2a5d7","Fri, 16 Dec 2022 20:58:58 GMT","2022/12/16"
"ddb5f34ad04ab15de30b0b33de2273808093288f","Fri, 16 Dec 2022 21:16:18 GMT","2022/12/16"
"5089d27c52977e97a1c7f8969d6e1b9b7ff34ade","Fri, 16 Dec 2022 21:20:21 GMT","2022/12/16"
"e6f07395227d5fcb3e1276465a32caa1e6fe04a4","Fri, 16 Dec 2022 21:22:12 GMT","2022/12/16"
"bd6e9b3b2f0a448c8fad4df3f40221dcef018b20","Fri, 16 Dec 2022 21:32:25 GMT","2022/12/16"
"b813882ea186ea58bc0b99d0ae80ed1f1aee4c79","Fri, 16 Dec 2022 21:32:28 GMT","2022/12/16"
"1a5a52763744af28292d2310ff3154308fde79af","Fri, 16 Dec 2022 21:48:03 GMT","2022/12/16"
"c2b8af0b3c351ed5be1c8ae1cb8fe6e9249041e2","Fri, 16 Dec 2022 21:59:30 GMT","2022/12/16"
"3247a9685112c215713b2e9231ee6c71f8fb9f7a","Fri, 16 Dec 2022 22:00:45 GMT","2022/12/16"
"48f4fac49fb6197870f1424f09f788cb108cd12e","Fri, 16 Dec 2022 22:43:28 GMT","2022/12/16"
"42f7391ac4f13c16837031ef8922d7a22698be43","Fri, 16 Dec 2022 22:50:29 GMT","2022/12/16"
"d9b7dd0bfda35bc25e6c200f3a9da185e10efad5","Fri, 16 Dec 2022 22:51:35 GMT","2022/12/16"
"a2a40a19959f50ad58c097803acae62d8a9043b7","Fri, 16 Dec 2022 22:52:02 GMT","2022/12/16"
"05c126fe87dd09c919fc4e08e37507e97f8436e4","Fri, 16 Dec 2022 23:05:56 GMT","2022/12/16"
"ff8431bd2a518aa0470c89c4c32d548644f49953","Fri, 16 Dec 2022 23:06:55 GMT","2022/12/16"
"ddb90a167b3a4dcdb3b80732098110ce23313fee","Fri, 16 Dec 2022 23:12:39 GMT","2022/12/16"
"8dcf2e3d83afeeec76cb4639273cde3e35518a13","Fri, 16 Dec 2022 23:29:21 GMT","2022/12/16"
"1ddbcc1b5c52672c11589cf2e7d6c84ea299dfe9","Fri, 16 Dec 2022 23:49:16 GMT","2022/12/16"
"9eb2475a4af7032e6908537aaaadec9d01ff22eb","Fri, 16 Dec 2022 23:54:33 GMT","2022/12/16"
"fe767ec523dd9ed253fbb21e03b70919bc290129","Sat, 17 Dec 2022 00:06:28 GMT","2022/12/17"
"9d8d95a1bf2601b29f36f0e28b3a5f56679c8814","Sat, 17 Dec 2022 00:10:02 GMT","2022/12/17"
"688e747ee6f5f6a9421b9050365cf3685167fc5f","Sat, 17 Dec 2022 00:10:25 GMT","2022/12/17"
"b962b4277f07ea49efc42b7135867d2124a2d31e","Sat, 17 Dec 2022 00:11:27 GMT","2022/12/17"
"b0d0ef1b5f00aa6168183e3aee7c112049df5522","Sat, 17 Dec 2022 00:12:04 GMT","2022/12/17"
"c2a78f3520dc1998b07978b7fb3fad6b1dad4bb8","Sat, 17 Dec 2022 00:19:53 GMT","2022/12/17"
"5f2897da79be49ceee25d6ab699f640298357aa7","Sat, 17 Dec 2022 00:25:53 GMT","2022/12/17"
"1002ff5e9b74b494b08a2ddd258528320b2acb52","Sat, 17 Dec 2022 00:46:35 GMT","2022/12/17"
"fce28f6c8b547a79ee39fd01759b952133406b96","Sat, 17 Dec 2022 01:10:06 GMT","2022/12/17"
"ec005c126cdc43386f527efadc288da5b3992dcc","Sat, 17 Dec 2022 01:45:02 GMT","2022/12/17"
"bd6642eb9933b11fc062ac7e1f323a6f4307ae01","Sat, 17 Dec 2022 01:55:25 GMT","2022/12/17"
"e15b0aabeff3134fc52f68100a0cfe533cc4b1f9","Sat, 17 Dec 2022 01:56:42 GMT","2022/12/17"
"b544ae1fcffe066ed5371704b5791a8911d99009","Sat, 17 Dec 2022 03:03:38 GMT","2022/12/17"
"800f326ba05a1b17fb5baaef97b8d3be0104ac0d","Sat, 17 Dec 2022 07:35:18 GMT","2022/12/17"
"a9087bc679489efc64474b22102787c1cb9db091","Sun, 18 Dec 2022 00:48:34 GMT","2022/12/18"
"4c2c6f81d0ce3e0f7a95cb3c1c6854b59512240a","Sun, 18 Dec 2022 18:20:21 GMT","2022/12/18"
"67bea4adfde3303f6ea07207707e4bdaa05b3b09","Sun, 18 Dec 2022 18:30:36 GMT","2022/12/18"
"7f422a45116c0f0615c7fc7f0239c2ac03e25cd4","Sun, 18 Dec 2022 19:23:21 GMT","2022/12/18"
"4037cf7b80e57d0dda2f6e258842545165f06dbe","Sun, 18 Dec 2022 23:17:23 GMT","2022/12/18"
"908cc61b170a335bea8ea0a77fefec1fa8a84814","Mon, 19 Dec 2022 05:20:13 GMT","2022/12/19"
"26eb5d555231382b6e3d9bc1dd9ae50b0adc0a13","Mon, 19 Dec 2022 18:07:25 GMT","2022/12/19"
"9503a19f9949587c92617d6f7849d6d739eda96b","Mon, 19 Dec 2022 18:10:53 GMT","2022/12/19"
"869f56b56e8eae6f621785b7b0c21cf577ee5e2b","Mon, 19 Dec 2022 18:13:38 GMT","2022/12/19"
"3f08c2e18dda76cb7d7485563972ff7b6b19e9ed","Mon, 19 Dec 2022 18:20:24 GMT","2022/12/19"
"c19156325fb9007d3bb23b4b0ebd2970f3ecf654","Mon, 19 Dec 2022 18:57:25 GMT","2022/12/19"
"c528de8b5f6a524deb2f9a2c80f3d61f54dc4e88","Mon, 19 Dec 2022 19:52:27 GMT","2022/12/19"
"84ab2b1049221c96945dac1c907dd6b3c297fcad","Mon, 19 Dec 2022 19:56:04 GMT","2022/12/19"
"3d578adcead3d2bbbd4a87b2ba5d6f0c68db4638","Mon, 19 Dec 2022 20:03:56 GMT","2022/12/19"
"e17de0f560968610af1f3b436f06a3076b932d38","Mon, 19 Dec 2022 20:06:37 GMT","2022/12/19"
"e45b40f58508f1a270741e6ee9b00dde99cb0df1","Mon, 19 Dec 2022 20:07:48 GMT","2022/12/19"
"7e27b07f19304c762ab06bc85a05c72df3255f66","Mon, 19 Dec 2022 20:23:04 GMT","2022/12/19"
"a606791eedaba748af03aba683b5c6355bcf8789","Mon, 19 Dec 2022 20:26:49 GMT","2022/12/19"
"dc77b1aa309c42a6b0bdf677f5c2d7a7c118afdc","Mon, 19 Dec 2022 20:52:23 GMT","2022/12/19"
"298998ede6c672a975870de246efa5fe3af956e9","Mon, 19 Dec 2022 21:26:20 GMT","2022/12/19"
"0dcbca0d268e7de59f608367e23b66d56b2d9966","Mon, 19 Dec 2022 21:33:24 GMT","2022/12/19"
"50f8d85fd914cd782d06fa4d196174b04d612609","Mon, 19 Dec 2022 21:57:12 GMT","2022/12/19"
"21544f2a555d61f88b749ab4e376bde5418a2592","Mon, 19 Dec 2022 22:02:56 GMT","2022/12/19"
"7259326b165b8fc3a3dc8427a8819b2a8128cabe","Mon, 19 Dec 2022 22:08:47 GMT","2022/12/19"
"537a519d5f92082b5954caf3e20035a5d343c791","Mon, 19 Dec 2022 22:23:02 GMT","2022/12/19"
"ea7e79b52be0cfb6c631434339ff7430d0bfa642","Mon, 19 Dec 2022 22:46:25 GMT","2022/12/19"
"e92cd6b64e7d54d3db8e83ca4e63a86ad38e3047","Mon, 19 Dec 2022 23:02:04 GMT","2022/12/19"
"9455243f29168da982c91d678b408ded059b0fcb","Mon, 19 Dec 2022 23:22:06 GMT","2022/12/19"
"dfdc29b582fc1a609ff604fa6a9a3c43dedd977e","Mon, 19 Dec 2022 23:30:27 GMT","2022/12/19"
"a3cd8451c7f9aac1c8529d93c6a80255ae3bb968","Mon, 19 Dec 2022 23:41:02 GMT","2022/12/19"
"0803bc2d957fa000e9365c45b9afe141de885ee9","Mon, 19 Dec 2022 23:41:42 GMT","2022/12/19"
"54bda88b64ae1bd6e59a7e80e0c87dbe0bf09538","Mon, 19 Dec 2022 23:50:46 GMT","2022/12/19"
"6578783c5d2bf93abd5257f38d776286c01ea56d","Tue, 20 Dec 2022 00:02:00 GMT","2022/12/20"
"4cb8fe3100ea0b53131aa4d744891ace0b2b8e6d","Tue, 20 Dec 2022 00:05:03 GMT","2022/12/20"
"9aeb751d85be025a0ae3d26c2f04a2ce893a2c7c","Tue, 20 Dec 2022 00:40:32 GMT","2022/12/20"
"4949a6c073cf612f507196e68df8494694cddd2b","Tue, 20 Dec 2022 00:42:23 GMT","2022/12/20"
"82f2efef70893560785976c6249ffad316e614ae","Tue, 20 Dec 2022 01:00:26 GMT","2022/12/20"
"2137b751bfd67ce52527609ea6b7645da7e3e9ee","Tue, 20 Dec 2022 01:23:56 GMT","2022/12/20"
"6fba07cdcf20501f7d2d1b8d18da721d76ae32c8","Tue, 20 Dec 2022 01:54:23 GMT","2022/12/20"
"860606978773172818e1333fd35940e23c19da81","Tue, 20 Dec 2022 01:57:06 GMT","2022/12/20"
"83d9aebeac4b614b0f1e36db264380be1fe6db4d","Tue, 20 Dec 2022 02:01:04 GMT","2022/12/20"
"ae27c22e2f632bdf97c68285c59125c1957a0eba","Tue, 20 Dec 2022 02:17:02 GMT","2022/12/20"
"abcefdd5793569f7502ca52019e872ff60ec02e6","Tue, 20 Dec 2022 02:20:46 GMT","2022/12/20"
"e92672e2cf6927cf09d2af5fbbca289d1a4ba416","Tue, 20 Dec 2022 02:41:26 GMT","2022/12/20"
"7f4c8913c8e6276765410224b96942a1295bb11e","Tue, 20 Dec 2022 02:54:23 GMT","2022/12/20"
"eb9a4a6d94b5ccae7ea866dddb0ae534eb1d2be5","Tue, 20 Dec 2022 03:55:51 GMT","2022/12/20"
"3bf97c902e6a57493c92d17d49309268c96c7614","Tue, 20 Dec 2022 16:35:04 GMT","2022/12/20"
"5ea0d19e44d6d9264d6860ca56251c09954d8a25","Tue, 20 Dec 2022 17:29:44 GMT","2022/12/20"
"988ac1fcce0298cec32f7a64473b7456f09bb52f","Tue, 20 Dec 2022 18:24:45 GMT","2022/12/20"
"48c7581d64592f2a070624a57767dc54834c77f2","Tue, 20 Dec 2022 18:24:54 GMT","2022/12/20"
"123d741aa1b1d7963c9cd0bddd6291bb9139d248","Tue, 20 Dec 2022 18:28:25 GMT","2022/12/20"
"9927769aa4ea1aca3c61c88740ef2754439854a4","Tue, 20 Dec 2022 18:31:46 GMT","2022/12/20"
"13a94b777b1649fc93d717dff109d988f5ba576b","Tue, 20 Dec 2022 18:38:27 GMT","2022/12/20"
"cb4551f8286246c5d0368da48a58389105be5201","Tue, 20 Dec 2022 19:10:05 GMT","2022/12/20"
"37560e36f8c7d9b7566486fe8297a5d4188cafa0","Tue, 20 Dec 2022 19:19:49 GMT","2022/12/20"
"dce9a6804ab45e41dcc4afb91100463193c794dd","Tue, 20 Dec 2022 19:25:49 GMT","2022/12/20"
"b9226e856832f90af2d56e37dd6a652aaad12ff0","Tue, 20 Dec 2022 20:00:21 GMT","2022/12/20"
"84f1bd3eb6b652fbd1b6ec11cd35c668343c84d4","Tue, 20 Dec 2022 20:22:48 GMT","2022/12/20"
"4763d295c69df7acf8634e48078c02366746574c","Tue, 20 Dec 2022 20:35:25 GMT","2022/12/20"
"980445000f7895b8354b27266f5cc17fc455bf86","Tue, 20 Dec 2022 20:59:20 GMT","2022/12/20"
"0d8fd7b0bfc906ec40fd8b7890eaaed4eec37d38","Tue, 20 Dec 2022 20:59:46 GMT","2022/12/20"
"923ecb9e2da0a7a11f6e321c2ee7eca54b962725","Tue, 20 Dec 2022 21:12:23 GMT","2022/12/20"
"25a9a82b34ca3584e8be1d7bb65bc36d8cda5618","Tue, 20 Dec 2022 21:13:35 GMT","2022/12/20"
"92bdc3b7540875884cbdc2db1a6dde96078858a9","Tue, 20 Dec 2022 21:15:18 GMT","2022/12/20"
"b4bbadae27a8296b69b50e5a3283abb55b238305","Tue, 20 Dec 2022 21:16:56 GMT","2022/12/20"
"0d26cb428e90bb47e70ded3c08c7a4ed5c4e67ed","Tue, 20 Dec 2022 21:24:36 GMT","2022/12/20"
"291d50fedb29b8bfbc2555f0f627d55530f2ccbe","Tue, 20 Dec 2022 22:05:02 GMT","2022/12/20"
"6ee5f8a098ed12ad5d4450cb6489bb77606905de","Tue, 20 Dec 2022 22:19:53 GMT","2022/12/20"
"bbaf15c5c0f2bb71c9164afdd2b5ff300a6db8d4","Tue, 20 Dec 2022 22:41:15 GMT","2022/12/20"
"10050784a066b995d7e22b2ec4c5135963f3d9cf","Tue, 20 Dec 2022 22:52:49 GMT","2022/12/20"
"6561c939074b7c4b34ad7ca947d5d5012dbc0e4c","Tue, 20 Dec 2022 22:58:24 GMT","2022/12/20"
"31271c18f965e642cf07915e1a77e8bcf84824f7","Tue, 20 Dec 2022 23:06:52 GMT","2022/12/20"
"7a0337fac904bc5a739d6c8fcf7624dc9d94ce93","Tue, 20 Dec 2022 23:10:37 GMT","2022/12/20"
"0cfc72515a7a54c7d884ebc1493f7382cb53a602","Tue, 20 Dec 2022 23:19:46 GMT","2022/12/20"
"f3b5849ae2434c35efe016583fa6a0bc3f67bbbe","Wed, 21 Dec 2022 00:07:36 GMT","2022/12/21"
"ff8c4b4ed30c60ed63d2a76360e0df38ad43c187","Wed, 21 Dec 2022 00:27:01 GMT","2022/12/21"
"a7764849cef1715d02437a47d6e8943e42094d98","Wed, 21 Dec 2022 00:49:07 GMT","2022/12/21"
"0244e9561bb14d0e24b998f16d7c4de724ceded4","Wed, 21 Dec 2022 01:17:35 GMT","2022/12/21"
"ad65e65fe30ed6c00bf8216595edc60e0bbd1dd4","Wed, 21 Dec 2022 01:35:45 GMT","2022/12/21"
"6f72b55e415dcd7acc6e1d3d7cfb291b6ac0bd5b","Wed, 21 Dec 2022 01:42:36 GMT","2022/12/21"
"807d7fc192b535296e21f031934202a0be597838","Wed, 21 Dec 2022 01:49:14 GMT","2022/12/21"
"05c93aa2de507b9194575c7d447fdbb1332f7d00","Wed, 21 Dec 2022 02:16:58 GMT","2022/12/21"
"a2733332bcb31486365412d16e713f8b992f47eb","Wed, 21 Dec 2022 02:46:27 GMT","2022/12/21"
"d5b97e42230075cb9634c419c0cf4d2f8f9ada53","Wed, 21 Dec 2022 03:02:14 GMT","2022/12/21"
"d7e23e33d314b09671aab0349066317c09169076","Wed, 21 Dec 2022 03:36:45 GMT","2022/12/21"
"ef462e7ed6133a05f891376658da25c5b2cf8884","Wed, 21 Dec 2022 03:44:09 GMT","2022/12/21"
"1a1f77f5819f03aa6f3e7d13b8b673b9021c82f6","Wed, 21 Dec 2022 04:21:05 GMT","2022/12/21"
"e66c623b9c4fc121105b7fda8c058b489c8c2de2","Wed, 21 Dec 2022 08:33:16 GMT","2022/12/21"
"fa091d79ae1ab5c23b5323f64f80110609bda95d","Wed, 21 Dec 2022 18:38:43 GMT","2022/12/21"
"c59fae97745796c66ffe755b0a059e2f55ed8374","Wed, 21 Dec 2022 18:59:37 GMT","2022/12/21"
"0c4e35496460b83530496bedf7cc0d5596257a13","Wed, 21 Dec 2022 19:04:17 GMT","2022/12/21"
"71cdd7b4572abdd72f087bdfed4b0caf6f0d7030","Wed, 21 Dec 2022 20:00:54 GMT","2022/12/21"
"cc1a48fa85bfa03e606de2c8a8f92d06cfa03994","Wed, 21 Dec 2022 20:19:36 GMT","2022/12/21"
"af0078e41868961dc6b62f47dbd6c52a39b96f9c","Wed, 21 Dec 2022 21:21:11 GMT","2022/12/21"
"98a893d5c4bfcb8a30539f991ea3d56c7f0df5a4","Wed, 21 Dec 2022 21:22:55 GMT","2022/12/21"
"37504c0925663a356c2fe27876b81b5e44e75abd","Wed, 21 Dec 2022 21:43:01 GMT","2022/12/21"
"0da370434ad1149085a25d5078e3bd83ae5e9c0e","Wed, 21 Dec 2022 21:54:32 GMT","2022/12/21"
"25ddc718a633bed6aec9d8febb6378846fcba72a","Wed, 21 Dec 2022 22:11:47 GMT","2022/12/21"
"84348d77a9bc5841f3be772789786759781dbcb4","Wed, 21 Dec 2022 22:16:29 GMT","2022/12/21"
"322e76b60919d9fddc724d8584047d922705bca9","Wed, 21 Dec 2022 22:38:47 GMT","2022/12/21"
"cbc7d19773afda03152f3a19ae20c1e241fc009e","Wed, 21 Dec 2022 22:45:29 GMT","2022/12/21"
"2813d68b45335de94de1223cb257f586f2bfef29","Wed, 21 Dec 2022 22:55:35 GMT","2022/12/21"
"0fc2520c66d2f72bd56d16610a019dfb7d91df8f","Wed, 21 Dec 2022 22:59:08 GMT","2022/12/21"
"3b952d379fb843e2a83ce90b6aa92d29cf1f737f","Wed, 21 Dec 2022 23:02:38 GMT","2022/12/21"
"37588a2fe64a1b84fc1f8116af7e96cc713e8e0f","Wed, 21 Dec 2022 23:04:38 GMT","2022/12/21"
"627ffe867994fd552ad7c62a0837ed059206aaff","Wed, 21 Dec 2022 23:15:56 GMT","2022/12/21"
"07d8b4151979dcacc3e4f0f1180ffe3a1bbd4a50","Wed, 21 Dec 2022 23:18:47 GMT","2022/12/21"
"d5d11255e88d341f5e9d2b897898bccdab28cc28","Thu, 22 Dec 2022 00:10:28 GMT","2022/12/22"
"930171f5d0025a03e97fe3e2867c88961253f977","Thu, 22 Dec 2022 00:14:10 GMT","2022/12/22"
"e71235311fc9c3ffeac088a6c0eb8a70d9c87c9c","Thu, 22 Dec 2022 00:44:40 GMT","2022/12/22"
"2006f3d471aa358d56058316cfeddd83325c4fd4","Thu, 22 Dec 2022 05:10:41 GMT","2022/12/22"
"809c6964db47bf73aec33503563816f42c4f5f8b","Thu, 22 Dec 2022 16:46:19 GMT","2022/12/22"
"682794d6a40b9153e13673eed1d749adf03ed82d","Thu, 22 Dec 2022 17:57:56 GMT","2022/12/22"
"b827b2a55f494538baa877383d1c395f6c7d4816","Thu, 22 Dec 2022 18:20:51 GMT","2022/12/22"
"4f433eff9f25dfd02b8ac029ee62bad63f4db725","Thu, 22 Dec 2022 20:12:08 GMT","2022/12/22"
"648ad436cea2b4cc6bf802d05b040ab1cee77162","Thu, 22 Dec 2022 20:19:03 GMT","2022/12/22"
"ce64104ae94793247d76310a3334c6086dbcff26","Thu, 22 Dec 2022 20:29:15 GMT","2022/12/22"
"2084512d8d48dccd178507929ebdc6376d3b0315","Thu, 22 Dec 2022 20:57:10 GMT","2022/12/22"
"d8c197eed1255feaa32918b11f60cd8e578b39f0","Thu, 22 Dec 2022 23:03:45 GMT","2022/12/22"
"ff485303544ad197a4da87c379abf630fd50d6d0","Fri, 23 Dec 2022 02:30:03 GMT","2022/12/23"
"ee56d1af9f5e3b380dd4bb7d22c6c53bd9e5e416","Fri, 23 Dec 2022 07:14:43 GMT","2022/12/23"
"20d53738d3c3d478dfdb0cb5bfa3096e15f42d24","Tue, 03 Jan 2023 16:40:19 GMT","2023/1/3"
"94e02c955eaa304ff063a20cc2d72ad5963b9da0","Tue, 03 Jan 2023 16:46:47 GMT","2023/1/3"
"34db80204077f63a932d7f29656931a06e671206","Tue, 03 Jan 2023 16:49:14 GMT","2023/1/3"
"571659cfd34fa8a721db77662d8174c3c31f6f25","Tue, 03 Jan 2023 16:49:20 GMT","2023/1/3"
"cceb8d56f48e5e6ed5b84f6c48be4df38548972a","Tue, 03 Jan 2023 16:52:47 GMT","2023/1/3"
"7dfac09e4913e22dae78e9339dfd789192ece788","Tue, 03 Jan 2023 17:07:59 GMT","2023/1/3"
"f9625407ce82b6db1f1917e8d31236841c39e2f7","Tue, 03 Jan 2023 17:50:27 GMT","2023/1/3"
"a9b1c9eba7e428e446898c23911be06da5c20ac6","Tue, 03 Jan 2023 18:39:36 GMT","2023/1/3"
"b94e2525f3c05374d0a0b90b338edf292ab2f3c0","Tue, 03 Jan 2023 19:13:21 GMT","2023/1/3"
"d6c4b31d0ea59b9faf90beb8b9d83fbdc152bc16","Tue, 03 Jan 2023 19:15:27 GMT","2023/1/3"
"f32d1608255136c803680014a605e3d161ac0978","Tue, 03 Jan 2023 20:07:59 GMT","2023/1/3"
"b3abf77089c2cfd98b0d7701f07580cf042311ff","Tue, 03 Jan 2023 20:12:18 GMT","2023/1/3"
"594d7b98748f0e8e2173fa55aacd7ed854886022","Tue, 03 Jan 2023 20:21:03 GMT","2023/1/3"
"3f6e4bd842031604a62460d4312a6397605aeb24","Tue, 03 Jan 2023 20:31:09 GMT","2023/1/3"
"e3894a633cefa8ccd68da630a50d4eb93ae8dfba","Tue, 03 Jan 2023 20:33:29 GMT","2023/1/3"
"93ff1e76e438eacd4ec1586c27c08dece3fda71c","Tue, 03 Jan 2023 20:34:55 GMT","2023/1/3"
"994ded4117c4eb3117657bd87341cfa229b2d90a","Tue, 03 Jan 2023 20:51:00 GMT","2023/1/3"
"341973abeecda654576a51b08d6c083a623462ad","Tue, 03 Jan 2023 20:54:47 GMT","2023/1/3"
"725199d64034bf80ff123d51169148055731cbb6","Tue, 03 Jan 2023 21:06:48 GMT","2023/1/3"
"011bb6cea69ea6c17e9ad5763e3c656a00d72dd3","Tue, 03 Jan 2023 21:07:06 GMT","2023/1/3"
"9bfc785328f13e2f616352b261c9edb2b65de996","Tue, 03 Jan 2023 21:07:57 GMT","2023/1/3"
"072234f2187fc2c094b3b8d40a352e7b25c3733c","Tue, 03 Jan 2023 21:10:52 GMT","2023/1/3"
"be26e54e1d317ef0339627bcae897bf3db2dffb3","Tue, 03 Jan 2023 21:19:19 GMT","2023/1/3"
"8cb64aa5c3bf1654d6d44d616d967226587080de","Tue, 03 Jan 2023 21:38:37 GMT","2023/1/3"
"0e99cadbcb7f746f7b6fa4a96be3d4e58c02e411","Tue, 03 Jan 2023 21:53:29 GMT","2023/1/3"
"f33d4098962ba5f390c1fe9a686aeb18ff3a8655","Tue, 03 Jan 2023 21:58:41 GMT","2023/1/3"
"e64841af0c52e4c0eaa4ea3468c2cc18ae2f926d","Tue, 03 Jan 2023 22:04:58 GMT","2023/1/3"
"d4cc4905c11eaf29b91caf9c647b2f15e1b3cced","Tue, 03 Jan 2023 22:24:10 GMT","2023/1/3"
"655403d339b969a16703bfad23314380ccefd6ef","Tue, 03 Jan 2023 22:36:46 GMT","2023/1/3"
"285f79510eee351a2e02f587b972d01a009cd217","Tue, 03 Jan 2023 22:40:24 GMT","2023/1/3"
"efd891ec3e6ffeafc6fb095c67b2eca4f0d98584","Tue, 03 Jan 2023 22:43:46 GMT","2023/1/3"
"b10396ad16dd2eaf116b8faac6c16dacd2a21c6b","Tue, 03 Jan 2023 22:45:50 GMT","2023/1/3"
"02bed23008655cd1fe305b8522bac826a5a44653","Tue, 03 Jan 2023 22:55:10 GMT","2023/1/3"
"0ec18328c33a2a6dafe791f400acda5615c26aa0","Tue, 03 Jan 2023 23:27:26 GMT","2023/1/3"
"e8ff263b2d262920f142899eb315404b182cb267","Tue, 03 Jan 2023 23:28:42 GMT","2023/1/3"
"481bc3e3a15397f368ad7623a86fb634e4559be9","Tue, 03 Jan 2023 23:46:53 GMT","2023/1/3"
"934187eba74b5a7f49eb2a789faa01f72f5de6b8","Tue, 03 Jan 2023 23:54:06 GMT","2023/1/3"
"73101cd5b0c5465bb312e10a21149b82b1e31629","Wed, 04 Jan 2023 00:11:16 GMT","2023/1/4"
"cb752a01c6fc4a37b8bd95fc2adf0f6b5a228281","Wed, 04 Jan 2023 00:22:58 GMT","2023/1/4"
"9e96cfe8514a289fb5d606ac52560ef3bd97b3fe","Wed, 04 Jan 2023 00:28:18 GMT","2023/1/4"
"da7342bf03cee049d99a2ba8343b4538c24326e0","Wed, 04 Jan 2023 00:31:06 GMT","2023/1/4"
"faae9a7b90bd8e326eb3efd21e5cf3cc003d9308","Wed, 04 Jan 2023 00:35:50 GMT","2023/1/4"
"7837f3e8c04d410ebdb465be7d6cccc32934f8f6","Wed, 04 Jan 2023 00:46:22 GMT","2023/1/4"
"8e222512a29ea4b20e82da4a56df7fd87f68ec45","Wed, 04 Jan 2023 00:47:56 GMT","2023/1/4"
"81c98c02207736a3d869fdacc7635d9dc896d4e7","Wed, 04 Jan 2023 00:59:35 GMT","2023/1/4"
"5cfb5eb7a098838154975860672c32f3630a1bb3","Wed, 04 Jan 2023 01:37:46 GMT","2023/1/4"
"82f9484ae5027c0d191bb2eca986b92b7bd50ad0","Wed, 04 Jan 2023 01:37:51 GMT","2023/1/4"
"446fdbfac4902f4008c63862bd69e607c71aa50c","Wed, 04 Jan 2023 01:39:16 GMT","2023/1/4"
"eaca566e4a9f3a8be1ee40f2390fed5b56f4dfbe","Wed, 04 Jan 2023 02:23:38 GMT","2023/1/4"
"33b5bbfeb16adb143f989447dc8b7f397f26dcb5","Wed, 04 Jan 2023 08:12:11 GMT","2023/1/4"
"8b6a6b6fc3c9693d87871c3ebfb13cc788e93c10","Wed, 04 Jan 2023 09:30:16 GMT","2023/1/4"
"ce20dfd6e161896532d9f3cafafe16cc88882d75","Wed, 04 Jan 2023 10:33:20 GMT","2023/1/4"
"5f99561be13ead2a68a655c9f894cd732897977a","Wed, 04 Jan 2023 11:17:09 GMT","2023/1/4"
"1acfa11c86d287cb4f4681934b1e5d1a91745fc3","Wed, 04 Jan 2023 17:43:15 GMT","2023/1/4"
"940afbda4d515078c7afd16eb05fe052f57fb3d3","Wed, 04 Jan 2023 17:59:29 GMT","2023/1/4"
"6108cdc23172a9cc853a8dda2db3af283e8a1f29","Wed, 04 Jan 2023 18:08:39 GMT","2023/1/4"
"619ccbeb53491acce4c002cec004e29ff85542b5","Wed, 04 Jan 2023 18:08:44 GMT","2023/1/4"
"606518d3232910f4c5004712e3cdbf7d53ba8951","Wed, 04 Jan 2023 18:08:47 GMT","2023/1/4"
"18b17498e9eea3962c476bed055475aa965421b7","Wed, 04 Jan 2023 18:09:20 GMT","2023/1/4"
"23290db237047210477645dc317ea0cd7b3cd84c","Wed, 04 Jan 2023 18:17:47 GMT","2023/1/4"
"13683df10bb1cf24b22d5658658bf822a9fa1835","Wed, 04 Jan 2023 18:40:19 GMT","2023/1/4"
"7ff17926f56d558b52d7ec9d87e956bb84bd90a6","Wed, 04 Jan 2023 18:40:47 GMT","2023/1/4"
"8c674b57688c86b9eb679aa3c5174fc323c45bf1","Wed, 04 Jan 2023 18:45:41 GMT","2023/1/4"
"17acf89bf7dff30fc3b26207dd83e94ecc478240","Wed, 04 Jan 2023 18:50:39 GMT","2023/1/4"
"0e1c8e6b9d91a169accaffd045f0e016052a87b7","Wed, 04 Jan 2023 18:52:51 GMT","2023/1/4"
"f702dec8b93c0845865864e088de3316b5f8807c","Wed, 04 Jan 2023 19:13:27 GMT","2023/1/4"
"70d15e66c37986fea0ea60605b68ad7329416378","Wed, 04 Jan 2023 19:23:42 GMT","2023/1/4"
"9d020c61e02d3f83d476ecc72a4cc1d3de4a09a4","Wed, 04 Jan 2023 19:37:49 GMT","2023/1/4"
"cec714f058a6e95aaa20b12e70eb1d609ecd97d2","Wed, 04 Jan 2023 19:37:53 GMT","2023/1/4"
"644f10dcd021a2d9099ffdf166b6c824a5617000","Wed, 04 Jan 2023 19:47:43 GMT","2023/1/4"
"d2d90f619abd2f5f632e5c09067a91b4655d6b73","Wed, 04 Jan 2023 19:48:52 GMT","2023/1/4"
"8719c30f7d07494b415dae6b2737fb78c336d4e0","Wed, 04 Jan 2023 20:01:05 GMT","2023/1/4"
"8681352a91e958ac6aafa167f67f15d326f591aa","Wed, 04 Jan 2023 20:01:46 GMT","2023/1/4"
"195bf2fda2dffebf42209488ecb9027ae4a72302","Wed, 04 Jan 2023 20:05:31 GMT","2023/1/4"
"5c24e7f75dda6690dca673b91604301e3ea3108f","Wed, 04 Jan 2023 20:15:10 GMT","2023/1/4"
"cd811935fb8e90d14c9e8061bb82ec96487140f5","Wed, 04 Jan 2023 20:17:47 GMT","2023/1/4"
"8afc3eefa8a36d2c62ca46d20f1ef56af0a5e304","Wed, 04 Jan 2023 20:22:08 GMT","2023/1/4"
"0d7a9d8ddd8bb7d99275a34a38dc5f75c9980978","Wed, 04 Jan 2023 20:27:07 GMT","2023/1/4"
"664b37f8656e4c97f583b2798b1446f3435add2d","Wed, 04 Jan 2023 20:27:58 GMT","2023/1/4"
"15bdaf088b4e1a759726f65b2abdafa7b909104c","Wed, 04 Jan 2023 20:41:54 GMT","2023/1/4"
"e4df642c4569b85d11e18cb51a8e95e7bf4a07f9","Wed, 04 Jan 2023 20:51:40 GMT","2023/1/4"
"c5bd891a257a4b6a027122ee67ba7dca1533789f","Wed, 04 Jan 2023 21:02:16 GMT","2023/1/4"
"cc68a6b9b5546944570276e6874ae8e60d5ad452","Wed, 04 Jan 2023 21:12:35 GMT","2023/1/4"
"a5cad0c3d1ecdf4a33f5f0aed7f0671a2dbe6333","Wed, 04 Jan 2023 21:15:07 GMT","2023/1/4"
"fe2e082e45b4d9d1ee0936a1c953d2943f0058a0","Wed, 04 Jan 2023 21:16:49 GMT","2023/1/4"
"1ca43b28d6c6db011fedbb3ea39c75bcb9c546fa","Wed, 04 Jan 2023 21:22:46 GMT","2023/1/4"
"3de898cac5b6bd6c26dbfc2b3ca7d7b768fef9d9","Wed, 04 Jan 2023 21:26:00 GMT","2023/1/4"
"89bed2f3ad06203aa21e8f9712e982fc91a3775d","Wed, 04 Jan 2023 21:29:46 GMT","2023/1/4"
"3dc816ea160f8f3bc71e9e1f93a0b3659c3f60e1","Wed, 04 Jan 2023 21:33:02 GMT","2023/1/4"
"43aa8394ab380e5e9a6cd959defec305f3ad6ee2","Wed, 04 Jan 2023 21:45:42 GMT","2023/1/4"
"2d704e9e518d09d4592613fd92077b81abee09a6","Wed, 04 Jan 2023 22:09:45 GMT","2023/1/4"
"d1f73af54ebca53637f4fe342da36af76712626c","Wed, 04 Jan 2023 22:28:32 GMT","2023/1/4"
"0b6f02a892b2442445a4d718a4009cc344bb4003","Wed, 04 Jan 2023 22:36:40 GMT","2023/1/4"
"b2eaf3b38518bcb5b8f6ce7b5812b0648d066436","Wed, 04 Jan 2023 22:51:50 GMT","2023/1/4"
"f257e4720e34c2bcd28ba58e1f0f0680ee0d03b3","Wed, 04 Jan 2023 22:52:49 GMT","2023/1/4"
"50ff47212c374a4b8aa685eedc5b9d44b2971ea9","Wed, 04 Jan 2023 23:04:41 GMT","2023/1/4"
"957307ad2694ee58320579426be7e1f1413f7c48","Wed, 04 Jan 2023 23:12:12 GMT","2023/1/4"
"33f61e41f84a97081f190caecc2ea1a14c94a4c2","Wed, 04 Jan 2023 23:24:02 GMT","2023/1/4"
"a26e9a5c5c43f0ff7b44cf4ceed2f80397c18c87","Wed, 04 Jan 2023 23:36:24 GMT","2023/1/4"
"5d0f747cff6ec2f9d383d7a44c2e439754677f15","Wed, 04 Jan 2023 23:40:32 GMT","2023/1/4"
"d3feae7f6c5d0ec3178e7f88f69b9ba41c33d9ba","Wed, 04 Jan 2023 23:47:20 GMT","2023/1/4"
"7a85b166ad7370fbb84b73fc5510aaf12cf20cf1","Wed, 04 Jan 2023 23:57:37 GMT","2023/1/4"
"4c08d861aa28f02eb593feba92c2a51f52c4324f","Thu, 05 Jan 2023 00:02:06 GMT","2023/1/5"
"ebc373b374c6f6cd180da74c89f3414d1705906b","Thu, 05 Jan 2023 00:14:11 GMT","2023/1/5"
"5d5e79fab5de38406db74e3c9d0f7df00edb25c9","Thu, 05 Jan 2023 00:18:03 GMT","2023/1/5"
"e2f99b873a77ce93f4d3bed120e9e925422a7c0d","Thu, 05 Jan 2023 00:17:57 GMT","2023/1/5"
"4fc36c4b3fafc913b4ce86e0df84522fe3188586","Thu, 05 Jan 2023 00:20:21 GMT","2023/1/5"
"ff070074cd6caed117f45f93085476f96e7965d6","Thu, 05 Jan 2023 00:28:12 GMT","2023/1/5"
"ea5c3e1c66e6dd52a5197c15dfae57d25d769144","Thu, 05 Jan 2023 00:40:41 GMT","2023/1/5"
"11020c699f5eaf94a967ce4836e4a3f72d87683a","Thu, 05 Jan 2023 00:42:40 GMT","2023/1/5"
"5a4c7d4956d9dbfa689c9618e019316544f34cdd","Thu, 05 Jan 2023 00:45:48 GMT","2023/1/5"
"cdf4086b73256cdcca560306d5e5e5ba91e09b37","Thu, 05 Jan 2023 01:14:02 GMT","2023/1/5"
"f79c2c51ffe88569e2aae21e9f9c757e79c9349f","Thu, 05 Jan 2023 01:15:39 GMT","2023/1/5"
"b8f48cac539a7f18fdbcc2ffa7af3459beb7806f","Thu, 05 Jan 2023 01:16:00 GMT","2023/1/5"
"a4bdcccb6b374b68550b073f2f7af6e9d584883d","Thu, 05 Jan 2023 01:19:51 GMT","2023/1/5"
"9f78a38df815cc61fa4ee9e124640d29c40bfb42","Thu, 05 Jan 2023 01:43:43 GMT","2023/1/5"
"3bea1758ea30354958788682d3908b3e35f6c59e","Thu, 05 Jan 2023 02:06:09 GMT","2023/1/5"
"b87cf35c45d828e070f0af84230974d4a813b1a6","Thu, 05 Jan 2023 05:16:37 GMT","2023/1/5"
"c7bb1798e932af52d5956f49d1c3a2f0382ccb49","Thu, 05 Jan 2023 15:53:24 GMT","2023/1/5"
"4516952fab3e5d531c94a49c5bbd73d7b0d6ddf2","Thu, 05 Jan 2023 17:43:14 GMT","2023/1/5"
"e9e01065697d2fe12d4ccffb766fbd9dfda5a3ec","Thu, 05 Jan 2023 18:01:12 GMT","2023/1/5"
"9578c6c300b8a8ad6bbd61f461419f4568634053","Thu, 05 Jan 2023 18:11:14 GMT","2023/1/5"
"22b8685c19611bd99e94b36433109a5c71254ce5","Thu, 05 Jan 2023 18:14:55 GMT","2023/1/5"
"a7f69a1268d42916cae6593ce1989b39d3e78745","Thu, 05 Jan 2023 18:18:20 GMT","2023/1/5"
"0babbb7a8ac22cb8047f2cc8af3c1c56ff8fa560","Thu, 05 Jan 2023 18:42:03 GMT","2023/1/5"
"d3c8d0a92b6668aea68f975d986130e31e7aaeca","Thu, 05 Jan 2023 18:46:34 GMT","2023/1/5"
"4f45370dfb8ae2aed5c93b7608b425d747a2492d","Thu, 05 Jan 2023 18:53:13 GMT","2023/1/5"
"c5c8642e829a068a3a3cef88decc9e6bc09f897a","Thu, 05 Jan 2023 18:58:31 GMT","2023/1/5"
"b4642bfdb8ab9fdacb76ede7f86fd40eab5e1acb","Thu, 05 Jan 2023 18:59:24 GMT","2023/1/5"
"6b6bcf266dd7a4e68eaff53f653933fb94d3f86a","Thu, 05 Jan 2023 19:06:42 GMT","2023/1/5"
"bd0c5cf4dfc6f39ffb755185cac123daede187e7","Thu, 05 Jan 2023 19:26:44 GMT","2023/1/5"
"c207e17cabff7b88928e01313355b7d868eaba63","Thu, 05 Jan 2023 19:47:02 GMT","2023/1/5"
"da953bb694e1f5833ef5a10ae5275eada6381bcd","Thu, 05 Jan 2023 19:48:11 GMT","2023/1/5"
"d763afbcfcf51bba6e5b4ea297e94b35581fd5fe","Thu, 05 Jan 2023 19:57:47 GMT","2023/1/5"
"fb4f65f516179ae02dc06098ecdc79682e36bb55","Thu, 05 Jan 2023 20:09:30 GMT","2023/1/5"
"e5079c6771bfc407f58436f14368f5658636e534","Thu, 05 Jan 2023 20:13:09 GMT","2023/1/5"
"df527322a88435f5367823a10b0318901c19c97e","Thu, 05 Jan 2023 20:19:38 GMT","2023/1/5"
"d730a380dac8ca02ef60a6a7d37e49d4fef49b86","Thu, 05 Jan 2023 20:24:17 GMT","2023/1/5"
"8cef7a7865bc331286e93d6a3524b416099093cf","Thu, 05 Jan 2023 20:46:54 GMT","2023/1/5"
"94f213082cf83cbe012f795282f9d38480a16049","Thu, 05 Jan 2023 20:53:14 GMT","2023/1/5"
"732f7f8c806b748be73c97415408211306b8b862","Thu, 05 Jan 2023 20:57:51 GMT","2023/1/5"
"8b2807670901dc1f93436d34be5abb4dc1b0a14b","Thu, 05 Jan 2023 21:10:29 GMT","2023/1/5"
"dd1ce8975fc3260809e6f282d5bd2c476d7740fe","Thu, 05 Jan 2023 21:19:02 GMT","2023/1/5"
"88e12210d7f50e6852a2d4ecef61e7c3d2be6779","Thu, 05 Jan 2023 21:22:53 GMT","2023/1/5"
"bc2b71b70f40e58b5286b304897b6ceb10cd1cf5","Thu, 05 Jan 2023 21:35:44 GMT","2023/1/5"
"2b28ee770970b8bff2646bbe1e7d057725de5d23","Thu, 05 Jan 2023 21:36:05 GMT","2023/1/5"
"feeb7ca28cf8bd68e3004e28603599f47b4f2813","Thu, 05 Jan 2023 21:47:16 GMT","2023/1/5"
"b83c545c1439fb5d6958b1aba48041ec4fccd3ff","Thu, 05 Jan 2023 21:47:32 GMT","2023/1/5"
"fd649219961d8e9c613d10338853307806015c8b","Thu, 05 Jan 2023 21:53:04 GMT","2023/1/5"
"0fa3ae7b53698a1b95d156a4d3cc4cca11b11eb7","Thu, 05 Jan 2023 21:56:02 GMT","2023/1/5"
"bf215c406050d6062fa386192eff694cd30bca4d","Thu, 05 Jan 2023 22:01:51 GMT","2023/1/5"
"04e2926dab62bb85e6fcf817cf59b71bfec90a53","Thu, 05 Jan 2023 22:23:03 GMT","2023/1/5"
"5e2f21ff6fd62ac603114fa58252f3e8dfeaa7ae","Thu, 05 Jan 2023 22:29:24 GMT","2023/1/5"
"9836d0916ee23517a27a8ea37b73e2fe71c7718b","Thu, 05 Jan 2023 22:29:30 GMT","2023/1/5"
"f1f03097f6c4e85324e31538b505c126672b0987","Thu, 05 Jan 2023 22:30:50 GMT","2023/1/5"
"4b875f54c93a6be52526af87f64219cab5ae4644","Thu, 05 Jan 2023 22:30:58 GMT","2023/1/5"
"dafaeb5629b83414b7610c0193a9e04350655b45","Thu, 05 Jan 2023 22:43:31 GMT","2023/1/5"
"4f3fd779ed0acd13625d68296a20361aa16d9ed2","Thu, 05 Jan 2023 22:49:04 GMT","2023/1/5"
"e404da60b94c4fddcffa4010ed003667efe360d5","Thu, 05 Jan 2023 22:53:53 GMT","2023/1/5"
"86d3ee8027d2daaba7b8aa102c60261974e72eb9","Thu, 05 Jan 2023 22:56:37 GMT","2023/1/5"
"91ff3ff787d288fb04d0924350bccdd77263b8d0","Thu, 05 Jan 2023 23:05:51 GMT","2023/1/5"
"51d96a14b2ee15f129580f1cf40bd97bacc34188","Thu, 05 Jan 2023 23:12:14 GMT","2023/1/5"
"3b3c9a31305ad61a210e77e42b94360987fd358f","Thu, 05 Jan 2023 23:14:44 GMT","2023/1/5"
"5a030f65df11b33b3cec2cd221f6f4288bfa88dc","Thu, 05 Jan 2023 23:16:55 GMT","2023/1/5"
"681e0844a0b3395f1a2cb29e3322b70a8b486b78","Thu, 05 Jan 2023 23:19:23 GMT","2023/1/5"
"fa04cadbe90396300538f958ff291d5d3f56da18","Thu, 05 Jan 2023 23:22:29 GMT","2023/1/5"
"644eb8f594f520171de635c4a269e39a30cb6a11","Thu, 05 Jan 2023 23:27:42 GMT","2023/1/5"
"a79a09276a8a1b484155743889a629961930cd39","Thu, 05 Jan 2023 23:42:33 GMT","2023/1/5"
"179401feed96a18977558ec6778836fe6d66cd25","Thu, 05 Jan 2023 23:46:14 GMT","2023/1/5"
"3c9b98fdfbd0246fee6b0b72b1199fcca5fcda55","Thu, 05 Jan 2023 23:49:03 GMT","2023/1/5"
"45fd5389e7f0c19e73c991d0ddf9595d3a80239f","Thu, 05 Jan 2023 23:54:35 GMT","2023/1/5"
"391b7c7a70b709819e8d46247f70f51f5f7ceefc","Fri, 06 Jan 2023 00:01:46 GMT","2023/1/6"
"3cf4bd7469bf66655320ad1a7ec7a1db2bd61b01","Fri, 06 Jan 2023 00:06:53 GMT","2023/1/6"
"38cb7dad20ac6c6252b48b7e158117558ff3ae35","Fri, 06 Jan 2023 00:09:03 GMT","2023/1/6"
"82f3af762d2e2737ecea33384383d08c7b27d936","Fri, 06 Jan 2023 00:16:54 GMT","2023/1/6"
"75ebc2d70e83ef5cf7095644aa68c35ea33a8d0f","Fri, 06 Jan 2023 00:57:49 GMT","2023/1/6"
"950b55b54d1ed558c0696591c5436bd56371c8cc","Fri, 06 Jan 2023 01:03:13 GMT","2023/1/6"
"6983b6f1c929a39b3166123493a432078be0b93c","Fri, 06 Jan 2023 01:09:14 GMT","2023/1/6"
"4374d2adcfe5971b37a3cf566ab0096c69046a7a","Fri, 06 Jan 2023 01:14:46 GMT","2023/1/6"
"fe59a58605a98bd56b42ad93c574316470d08c0c","Fri, 06 Jan 2023 03:09:11 GMT","2023/1/6"
"0fdfc347f0f8a763b4c15a1eb2ea633872ad6464","Fri, 06 Jan 2023 03:25:05 GMT","2023/1/6"
"9a6f30315320233fa8b1d0f01604032d88dd733a","Fri, 06 Jan 2023 03:35:31 GMT","2023/1/6"
"c68b498c816c25a1d84240a4772add8570784486","Fri, 06 Jan 2023 03:47:18 GMT","2023/1/6"
"9437accc403a15bf7d2f5a956afe94e9e57c978c","Fri, 06 Jan 2023 04:11:22 GMT","2023/1/6"
"dc32519a9f1daf04cdc60a674ea6bd2c68162153","Fri, 06 Jan 2023 16:23:53 GMT","2023/1/6"
"3671eb512036df181cb908929b5e626917376e8a","Fri, 06 Jan 2023 17:02:38 GMT","2023/1/6"
"f199a5a51cf5efbcab3ff11a493f86af677e6ae8","Fri, 06 Jan 2023 17:43:22 GMT","2023/1/6"
"00a22b16c4578067c719eb38ef81dcc660637374","Fri, 06 Jan 2023 17:57:36 GMT","2023/1/6"
"9827bb08b834cadec7383c22221e63d92002f33f","Fri, 06 Jan 2023 18:14:39 GMT","2023/1/6"
"f4cdd92ed0e4aabff50acb801d4e275eabb6744b","Fri, 06 Jan 2023 18:14:43 GMT","2023/1/6"
"1fa369ea902cf335687b508b678be9dfdde44e0d","Fri, 06 Jan 2023 18:16:15 GMT","2023/1/6"
"41bb8d056a8618a1437e10b9d4dc7aa91ebb6c78","Fri, 06 Jan 2023 18:20:03 GMT","2023/1/6"
"2cedb5e5641a685871f6d747a20c5f1165d148a6","Fri, 06 Jan 2023 18:20:15 GMT","2023/1/6"
"ba5b8f38d0d917e6cfa80d6fb2e829a4d762f819","Fri, 06 Jan 2023 18:32:26 GMT","2023/1/6"
"fec0a45dd47c3dc563805b895ddf4079717e940a","Fri, 06 Jan 2023 18:33:17 GMT","2023/1/6"
"7b483849b54e8fd80da34ace91b7c4dc08c5a32c","Fri, 06 Jan 2023 18:43:45 GMT","2023/1/6"
"997c0d8cc52c2f8cc7cbcd3a44a06019edc542e4","Fri, 06 Jan 2023 18:52:56 GMT","2023/1/6"
"173954e6281e237030dd20a98ffcfb4e55fde2bd","Fri, 06 Jan 2023 19:01:09 GMT","2023/1/6"
"292ea6fc6fd0d5b2448e0f8ccc0fde0a7aeeebeb","Fri, 06 Jan 2023 19:05:31 GMT","2023/1/6"
"1d856086a48013be42e44bcf0171ea9914e6f730","Fri, 06 Jan 2023 19:15:35 GMT","2023/1/6"
"2e1756314c1d34b9c32ae98e2486d223174987b0","Fri, 06 Jan 2023 19:19:05 GMT","2023/1/6"
"2ba2025a0378677427ac89d7b23960e987f20e78","Fri, 06 Jan 2023 19:21:54 GMT","2023/1/6"
"98f5e3a2a6a2d271f89fe1d9e2267ab7beda7e7c","Fri, 06 Jan 2023 19:22:22 GMT","2023/1/6"
"93e0cede85416b051ae358de2af944ce7f8ccaad","Fri, 06 Jan 2023 19:22:34 GMT","2023/1/6"
"c33a2379571d9532339c352f2f2318d560bc9cdf","Fri, 06 Jan 2023 19:22:45 GMT","2023/1/6"
"276947de6bc442dc78f98bf34350171f647f5088","Fri, 06 Jan 2023 19:23:15 GMT","2023/1/6"
"01f805a99f0cac7944b17744fbc6962f5ab1ce80","Fri, 06 Jan 2023 19:27:04 GMT","2023/1/6"
"a9aa16404cbb677d6d478189ff2c01ad469dc49b","Fri, 06 Jan 2023 19:29:54 GMT","2023/1/6"
"ee2a6ef1c82c042085ab5d9dbd41ed6da0651faf","Fri, 06 Jan 2023 19:35:33 GMT","2023/1/6"
"7d49481bc2683960ad812b57d9674b7d0ad26981","Fri, 06 Jan 2023 19:35:55 GMT","2023/1/6"
"f04c9e874ad1f7442197b74a475e212c3be2f460","Fri, 06 Jan 2023 19:38:54 GMT","2023/1/6"
"87b44a62798495f569715bafc4d1ae2b6f8ee204","Fri, 06 Jan 2023 19:45:04 GMT","2023/1/6"
"c01322236fdc29932f1551cea8887bec67cfa6cf","Fri, 06 Jan 2023 19:54:19 GMT","2023/1/6"
"847e84693c26210dfdd01e0c9f6f11a168740c8e","Fri, 06 Jan 2023 20:06:24 GMT","2023/1/6"
"aad44287b1b6bc69870a71fbec7e30ea09e31386","Fri, 06 Jan 2023 20:08:43 GMT","2023/1/6"
"b9ca4dded7617db0beb9a443c11b0d79ef59cd6e","Fri, 06 Jan 2023 20:24:27 GMT","2023/1/6"
"f07432286e2233c048cf0faf0ce15ff916861abe","Fri, 06 Jan 2023 20:40:24 GMT","2023/1/6"
"6d61b4c7d785a91c2aca766f34cba501ac1e9a21","Fri, 06 Jan 2023 20:41:55 GMT","2023/1/6"
"1e812cf9a8b555a3d7d694a5d0bb6168f58b38ee","Fri, 06 Jan 2023 21:00:22 GMT","2023/1/6"
"4cc60785b20885fed6bae93474718bd8703a50f7","Fri, 06 Jan 2023 21:00:46 GMT","2023/1/6"
"fb29c074e637e0a1b4b96a971129001a7619350c","Fri, 06 Jan 2023 21:12:36 GMT","2023/1/6"
"ba246d99b72274f0fa9e526a65028b8671f06b46","Fri, 06 Jan 2023 21:17:56 GMT","2023/1/6"
"46237f90063686163fba978a5246443eb2cd243a","Fri, 06 Jan 2023 21:25:49 GMT","2023/1/6"
"972fe2a62f536c3f2a4707d1f738cbaae759cf05","Fri, 06 Jan 2023 21:38:25 GMT","2023/1/6"
"e67f05516c049c64c52425096b7fa90a3b0bc4db","Fri, 06 Jan 2023 21:44:13 GMT","2023/1/6"
"5c00232d27d54470b7e1b90dff762492d3953d6f","Fri, 06 Jan 2023 22:01:57 GMT","2023/1/6"
"a981663805220b915200db3f0f36587c7d92fccf","Fri, 06 Jan 2023 22:19:34 GMT","2023/1/6"
"51285649930379e934cc2f24eb6516def7204949","Fri, 06 Jan 2023 22:21:53 GMT","2023/1/6"
"b6e19dbd909348bbabf55f4b64d0cb525185748a","Fri, 06 Jan 2023 22:27:33 GMT","2023/1/6"
"73b2d96e8a0afbe90d41357db566eafc4b9a4a6c","Fri, 06 Jan 2023 22:37:54 GMT","2023/1/6"
"900f2f8c22ac81b708e33f94e89bff89ab0d108f","Fri, 06 Jan 2023 22:39:17 GMT","2023/1/6"
"d86c6136c14b21a5ee1af430c278a516e392fd17","Fri, 06 Jan 2023 22:43:04 GMT","2023/1/6"
"18dac27ec502c383f49780f1ff21c82a5cee14da","Fri, 06 Jan 2023 22:44:56 GMT","2023/1/6"
"6a63d8c045befd5ff11f53a3c00fa9ae18252ad1","Fri, 06 Jan 2023 22:54:25 GMT","2023/1/6"
"ef27a0351d71a34dc21c110b49d0eb3324ff7669","Fri, 06 Jan 2023 22:58:08 GMT","2023/1/6"
"0deb5d88556b374abc2b42d9007fb399fcdd0467","Fri, 06 Jan 2023 23:01:05 GMT","2023/1/6"
"feaf8d22cc4fb7b8ddfc13ff704ed2dec09fa3ce","Fri, 06 Jan 2023 23:04:33 GMT","2023/1/6"
"b6431512da6bae458455aa1a0cd93a8782013c0f","Fri, 06 Jan 2023 23:15:04 GMT","2023/1/6"
"81830c358a12167e4d21a9a777d4d7cb96d9033b","Fri, 06 Jan 2023 23:23:16 GMT","2023/1/6"
"266b5bbac871e013c9f01f9e50f80f80e83cfdf4","Fri, 06 Jan 2023 23:25:15 GMT","2023/1/6"
"9e869ff4d0fba7c81001443952d367e8af0dc61e","Fri, 06 Jan 2023 23:42:52 GMT","2023/1/6"
"146127d23b4168c102430c075812677a863230e2","Fri, 06 Jan 2023 23:47:54 GMT","2023/1/6"
"81ac7866802e136ccc6f1e2611913b2be9a7a104","Sat, 07 Jan 2023 00:10:44 GMT","2023/1/7"
"79a8ce540e43e6656ff11fbdea10d67e27521124","Sat, 07 Jan 2023 00:31:27 GMT","2023/1/7"
"76da6bae6895d8e763da02b76e7d22d3c48ed813","Sat, 07 Jan 2023 00:50:43 GMT","2023/1/7"
"1a7d2be27cf5eacd5f0127f9269cf7082a60ddb8","Sat, 07 Jan 2023 00:59:24 GMT","2023/1/7"
"7728f46bf75afb91043ac10b0df9728ba0086d4f","Sat, 07 Jan 2023 01:45:13 GMT","2023/1/7"
"a0ad402dc470a3fc3329590e301473204606e38a","Sat, 07 Jan 2023 01:45:52 GMT","2023/1/7"
"4986c39d4cd37924b3dbdcb5633dbc82d5620b46","Sat, 07 Jan 2023 02:32:31 GMT","2023/1/7"
"03b9b4fbb90d605621144f1d1c47a2c9f2fda989","Sat, 07 Jan 2023 02:33:25 GMT","2023/1/7"
"0f2a057c6da8bd1056815efa446cdcf86991dd34","Sat, 07 Jan 2023 06:30:28 GMT","2023/1/7"
"0f2549f8cfd42f45befd85919e2f58d69ec3447f","Sat, 07 Jan 2023 08:05:00 GMT","2023/1/7"
"2c1df4a0f2988a0e40bb3cb6f4be3e47b58c0e8d","Sun, 08 Jan 2023 02:11:15 GMT","2023/1/8"
"6d4e5e892c51807d0e3687437e5cd3f62eb517e1","Mon, 09 Jan 2023 08:51:02 GMT","2023/1/9"
"15778603a2944a35db6cc19ee52e0d3d3e60adad","Mon, 09 Jan 2023 15:32:13 GMT","2023/1/9"
"a0558a49b202f99ddd3f95b3dbdfe370565246c8","Mon, 09 Jan 2023 16:59:53 GMT","2023/1/9"
"c84aeda780f2317e9873f75d00b39946f95e1d27","Mon, 09 Jan 2023 17:20:03 GMT","2023/1/9"
"b977df5e17c99bfba5ad9912557c1d33d82f286b","Mon, 09 Jan 2023 17:47:53 GMT","2023/1/9"
"f9fe25e15d04b9d00077fa86f8876af7f41baca2","Mon, 09 Jan 2023 17:58:57 GMT","2023/1/9"
"8943816b839394e60ad6f78930ad57ee42fffe02","Mon, 09 Jan 2023 18:01:32 GMT","2023/1/9"
"f526a100a59bc4a086a557b9c9b27bcefafd6299","Mon, 09 Jan 2023 18:05:33 GMT","2023/1/9"
"15754ac25a13cb7c89a88b2a9367153e82c46c58","Mon, 09 Jan 2023 18:18:23 GMT","2023/1/9"
"15f7ee11b904f7a36eeea2e0f62d682ec0c5a6c7","Mon, 09 Jan 2023 18:43:13 GMT","2023/1/9"
"57cbf8879a3e68e3efd934d21d6d636e99a65dd1","Mon, 09 Jan 2023 18:47:17 GMT","2023/1/9"
"fe7c74ddffe13294adcf818711e85ebf92fcbad2","Mon, 09 Jan 2023 18:47:28 GMT","2023/1/9"
"1e3059bb6b2de029a674ccb9140c0655fa206316","Mon, 09 Jan 2023 18:53:51 GMT","2023/1/9"
"5343e4fc3e97e5f285dc96190706de59d8fb6e6a","Mon, 09 Jan 2023 19:07:51 GMT","2023/1/9"
"37ca72588c0cb4c4fca1199020c33de410710a1b","Mon, 09 Jan 2023 19:09:50 GMT","2023/1/9"
"7c54b28d13c19d9623474e22f6ba5bc285f5c4e0","Mon, 09 Jan 2023 19:30:21 GMT","2023/1/9"
"cc20a49759f6f07b7544c40a36b5f9d32d73f6fa","Mon, 09 Jan 2023 19:41:46 GMT","2023/1/9"
"9d9fbd0cdc5ee4f041b50f4300801061192f0339","Mon, 09 Jan 2023 19:56:00 GMT","2023/1/9"
"3a292dccc6465d26b97e80aaa86dedf57041b56e","Mon, 09 Jan 2023 19:58:54 GMT","2023/1/9"
"c43ed62c327ba467587802d84f63ee93817713bc","Mon, 09 Jan 2023 20:01:59 GMT","2023/1/9"
"22851ebf3446c5cf5fdcec512288a7a051356d83","Mon, 09 Jan 2023 20:10:42 GMT","2023/1/9"
"e48720ba3e36a4eaf2b326f56f96104118cb55f3","Mon, 09 Jan 2023 20:19:49 GMT","2023/1/9"
"f8ae5af41b883a3863de625c81a30b53afb71fee","Mon, 09 Jan 2023 20:39:32 GMT","2023/1/9"
"ed5c62c66604fd7873423def9782071a2c63dba8","Mon, 09 Jan 2023 21:50:34 GMT","2023/1/9"
"85b409f0ddb634e6aebc1364e89d1d5edb4f227c","Mon, 09 Jan 2023 22:15:40 GMT","2023/1/9"
"d4dadbfb89a8598ab001091e0be7b4965a77bb98","Mon, 09 Jan 2023 22:29:18 GMT","2023/1/9"
"7fbb38565a997e3b5cc3c5af07adb64a69855fbc","Mon, 09 Jan 2023 22:43:42 GMT","2023/1/9"
"4cb88f04d06e6b0d96d6ded322cc925db784e86f","Mon, 09 Jan 2023 22:47:48 GMT","2023/1/9"
"41c289fa5749cfaf77805684cfbc10556ee6818b","Mon, 09 Jan 2023 22:59:46 GMT","2023/1/9"
"ff68eda249fda17c322261437112953b34bb9303","Mon, 09 Jan 2023 23:15:51 GMT","2023/1/9"
"236d539ed7baafb78edbbb1640c036310a89f12b","Mon, 09 Jan 2023 23:18:58 GMT","2023/1/9"
"c6975817308a4070b9eaa0cd4af128857b2f9787","Mon, 09 Jan 2023 23:19:00 GMT","2023/1/9"
"83e0463b30a8cc8617814ca3b2849373385fb221","Mon, 09 Jan 2023 23:16:03 GMT","2023/1/9"
"e21304d185ea7b7642592045a6483db8752139a0","Mon, 09 Jan 2023 23:24:43 GMT","2023/1/9"
"b0a71eefa16b103d31b8ee7b5638f34489e3a254","Mon, 09 Jan 2023 23:28:00 GMT","2023/1/9"
"663ef0256e6eb33ef857bdfd3c36a6b80a65c743","Mon, 09 Jan 2023 23:41:21 GMT","2023/1/9"
"3d149c5f3dd502b47e64c2589ae969d4de388f0d","Mon, 09 Jan 2023 23:53:52 GMT","2023/1/9"
"1aa56da1ce98f2dbc5a9e961a6575cfffebb5bd6","Mon, 09 Jan 2023 23:54:21 GMT","2023/1/9"
"7cc258699e649befa43385bb2d9a8973f11d595c","Tue, 10 Jan 2023 00:25:20 GMT","2023/1/10"
"9e49520a6625b91a9661ef8a3a5844a678f89774","Tue, 10 Jan 2023 00:44:10 GMT","2023/1/10"
"5689bf1d44ca4413368076b157f7b8fea46f0296","Tue, 10 Jan 2023 00:58:50 GMT","2023/1/10"
"afaab82ecf09b81688f5a98d61ef4c53d523ce90","Tue, 10 Jan 2023 01:01:26 GMT","2023/1/10"
"792f6195917c72aa704ce5e608085d1fe0d8742c","Tue, 10 Jan 2023 01:28:20 GMT","2023/1/10"
"6e3463bc8010c69d8339bbc10b4a7b80623726cc","Tue, 10 Jan 2023 01:30:41 GMT","2023/1/10"
"5409d6b47cb418f247792be7fcd4df7df0d31e01","Tue, 10 Jan 2023 01:54:00 GMT","2023/1/10"
"453dceceb97c1803eec7a2bab011815c29b750ec","Tue, 10 Jan 2023 02:13:23 GMT","2023/1/10"
"99ec551e03555c43227189d383e69d933fb41c93","Tue, 10 Jan 2023 02:26:40 GMT","2023/1/10"
"9e9453e70fc266715c6fe8a493a58204a5c9043c","Tue, 10 Jan 2023 03:52:32 GMT","2023/1/10"
"1d09d6935791d96ef09dfcd1f18ae764a93896fc","Tue, 10 Jan 2023 13:26:29 GMT","2023/1/10"
"fa2a9fc70f8f661aa5a9c008b550a25f0e3f9d86","Tue, 10 Jan 2023 13:45:41 GMT","2023/1/10"
"6f7d7c444b850633129caaf8038348ac202552f7","Tue, 10 Jan 2023 15:18:44 GMT","2023/1/10"
"f59e3c4ddcb47cc055266a21bd4a58aa0e67ab97","Tue, 10 Jan 2023 15:29:54 GMT","2023/1/10"
"d0e79aa84d4864a61f587be86e7783935e133654","Tue, 10 Jan 2023 16:34:22 GMT","2023/1/10"
"9ec450cad9e33ef2302eda54baf0876f5d6266a5","Tue, 10 Jan 2023 17:07:41 GMT","2023/1/10"
"1002f3dcd1edd7e3f43cec91dcc23635ea5005a8","Tue, 10 Jan 2023 17:56:27 GMT","2023/1/10"
"91acd595f5f51d8c302c819b665580a0675fed06","Tue, 10 Jan 2023 18:12:40 GMT","2023/1/10"
"af66e0b4b1e09d2bb519c3630e1fba376f87e474","Tue, 10 Jan 2023 18:18:44 GMT","2023/1/10"
"1cba6d5e26531defaf674cfe5861817d28f59553","Tue, 10 Jan 2023 18:19:01 GMT","2023/1/10"
"8f88c3488e2517ca0b952c7dec04459b9ba5381a","Tue, 10 Jan 2023 18:41:35 GMT","2023/1/10"
"40b7d6d6d1ecca07536648154bb25ff1f77d0fd7","Tue, 10 Jan 2023 18:43:27 GMT","2023/1/10"
"07b20893f7c349aa5d1892c433e93ed1a1ef740e","Tue, 10 Jan 2023 19:12:42 GMT","2023/1/10"
"184577a55befea763c4cc3b196bebc6687fc4111","Tue, 10 Jan 2023 19:14:02 GMT","2023/1/10"
"8c046d5cb9e9c6555c6dd7285869b5041f79062d","Tue, 10 Jan 2023 19:48:12 GMT","2023/1/10"
"a88a84d8a764fa5b37053260ffb338b0f0b8792f","Tue, 10 Jan 2023 19:56:54 GMT","2023/1/10"
"fbce8fff596023c0d7414b5e640a0bd3a150f2ad","Tue, 10 Jan 2023 19:58:56 GMT","2023/1/10"
"2283bf2a94279972a90fe07ada1c2ddfd5e860fa","Tue, 10 Jan 2023 19:59:10 GMT","2023/1/10"
"7c03db4be047a515499f21dc3c49a1e0fe588757","Tue, 10 Jan 2023 19:59:29 GMT","2023/1/10"
"edb25993970da3dbc08ec7e0ff8821093bf13158","Tue, 10 Jan 2023 20:02:58 GMT","2023/1/10"
"93c5bfef3f9ad8416221fba02ccb6a231285f77e","Tue, 10 Jan 2023 20:10:16 GMT","2023/1/10"
"86b24244669190669ccb27dfdee5e01610fc41a4","Tue, 10 Jan 2023 20:57:29 GMT","2023/1/10"
"c0ffff7f5ef33c210eaac562997d97569700e077","Tue, 10 Jan 2023 21:07:05 GMT","2023/1/10"
"d95521e57c66c7d16ce855ee1ad1c5d1749520af","Tue, 10 Jan 2023 21:07:09 GMT","2023/1/10"
"797bd111013671cc2660feea433ed19b057a8228","Tue, 10 Jan 2023 21:24:07 GMT","2023/1/10"
"a9fd140d9fccc99f5758d107f2d9f04a5a6ae9c7","Tue, 10 Jan 2023 21:35:49 GMT","2023/1/10"
"39e1f42891201ee094510af558c26b4d09e40bd7","Tue, 10 Jan 2023 21:56:34 GMT","2023/1/10"
"e15d0bf5a9af2be1b7b31afbe8319a5a6f84048d","Tue, 10 Jan 2023 21:59:26 GMT","2023/1/10"
"afa0a7bee9a2ccba5da9691ce66d4da3c6f7532d","Tue, 10 Jan 2023 23:29:49 GMT","2023/1/10"
"d8d4d9517d37357ea8a3c5446a279c43ad9f6f90","Tue, 10 Jan 2023 23:39:50 GMT","2023/1/10"
"55b5f48905c14aee2699a3c2f04656c8a6e669bb","Wed, 11 Jan 2023 00:04:09 GMT","2023/1/11"
"547626fb44c594e2d0312b5d7fc4a117ce8c5f73","Wed, 11 Jan 2023 00:20:13 GMT","2023/1/11"
"39522d688b3928f76f9e3bac68358d0536d9fed4","Wed, 11 Jan 2023 00:29:40 GMT","2023/1/11"
"2ed9c33abb18db5e5b06a53a8390614021346af8","Wed, 11 Jan 2023 00:45:09 GMT","2023/1/11"
"4e9ec16962c413316ca60de8b20f93ab80febb9f","Wed, 11 Jan 2023 00:51:33 GMT","2023/1/11"
"d3700c62bdbfa6356751eebb9b3a5efe52ab9e2a","Wed, 11 Jan 2023 01:00:13 GMT","2023/1/11"
"99491e4c09afda3b5844d74cb829037b60298368","Wed, 11 Jan 2023 01:03:06 GMT","2023/1/11"
"40a12133ef367e7a947187c5400504ca4a6271aa","Wed, 11 Jan 2023 01:11:07 GMT","2023/1/11"
"1d2c974ad02c857236bf9645189b54f7ea6900ac","Wed, 11 Jan 2023 01:22:00 GMT","2023/1/11"
"014ad88b956a5646c871f64d10f32b62e156461d","Wed, 11 Jan 2023 02:37:04 GMT","2023/1/11"
"f41a01e5c26190fa3072cb496f8560df76784685","Wed, 11 Jan 2023 04:34:38 GMT","2023/1/11"
"8e490ff932742aef3ad7031a2ade4abf9d576d89","Wed, 11 Jan 2023 09:51:10 GMT","2023/1/11"
"4d8bfd2bfcc7a0e3af11b81e28d1fe9df320801f","Wed, 11 Jan 2023 11:57:34 GMT","2023/1/11"
"fa0d40cf4011553679c4c2f1977b4c714170060b","Wed, 11 Jan 2023 12:20:39 GMT","2023/1/11"
"b174f14205c723c0180df3f68acbfa4471f1d880","Wed, 11 Jan 2023 13:26:50 GMT","2023/1/11"
"23970de5e81ce34f88fefb828b2592136d3789da","Wed, 11 Jan 2023 13:32:59 GMT","2023/1/11"
"017369a25c05a42643c62ea8d32287b26c8d214d","Wed, 11 Jan 2023 17:58:13 GMT","2023/1/11"
"fdaddbfa31ea7d3d7fd95f5427d8df1a38245e33","Wed, 11 Jan 2023 17:55:50 GMT","2023/1/11"
"8c809273015f01632c557e7fdd072423ff76a2b0","Wed, 11 Jan 2023 18:30:33 GMT","2023/1/11"
"df9f55cebd01bc3c6e832836e98c9d1b0dbea8a9","Wed, 11 Jan 2023 18:44:52 GMT","2023/1/11"
"e9da1318822fe4e917cdf5784d0abdb3e4cc8cb3","Wed, 11 Jan 2023 19:29:01 GMT","2023/1/11"
"ccb1f5be18fbcf26cdbcd9b76ee1bf34d47c8923","Wed, 11 Jan 2023 19:51:08 GMT","2023/1/11"
"e81fcd8a0612213353b610c48f9d5ce9cf16b538","Wed, 11 Jan 2023 19:54:11 GMT","2023/1/11"
"b0e8f36fa1e878c07c2e81bf3fc470b391cac7ea","Wed, 11 Jan 2023 19:58:25 GMT","2023/1/11"
"428c053ce38d1984d7a31b0012eea4048a3569a5","Wed, 11 Jan 2023 20:32:54 GMT","2023/1/11"
"7f8680e1df75b5e8d7fded0953bddd4f09c6d626","Wed, 11 Jan 2023 21:23:14 GMT","2023/1/11"
"a7e7ac90fe5cbca9773c459c7685348447b46e37","Wed, 11 Jan 2023 21:39:40 GMT","2023/1/11"
"aee05ee06b1486fdbd27bb9cbd6e00ac1932f4ea","Wed, 11 Jan 2023 21:40:44 GMT","2023/1/11"
"7d1dea7572f691e52ad4631c071dabd245d96fb8","Wed, 11 Jan 2023 21:58:35 GMT","2023/1/11"
"830863244a3e2c957e0fc87f61c0511e0dba5585","Wed, 11 Jan 2023 22:02:35 GMT","2023/1/11"
"c5e695bad4fdb40c42a57523565211b10559252a","Wed, 11 Jan 2023 22:36:40 GMT","2023/1/11"
"e883f848767b7951c98287bfc1fcdaa84f8ce5e0","Wed, 11 Jan 2023 22:36:55 GMT","2023/1/11"
"4b648c1c9f52bc2808b202144f538e135822fe23","Wed, 11 Jan 2023 22:39:20 GMT","2023/1/11"
"4b429407c984c44d34928cc2d47e44ec09a3a82e","Wed, 11 Jan 2023 22:38:30 GMT","2023/1/11"
"bff812b15be4405f29fcf12ae3593d1098859355","Wed, 11 Jan 2023 22:41:37 GMT","2023/1/11"
"c45b2cbf679d53d6acec3c223a7511ef3f31caba","Wed, 11 Jan 2023 22:54:47 GMT","2023/1/11"
"16a26da1da122303d046036ce0ce105bf0fd33e8","Wed, 11 Jan 2023 23:08:57 GMT","2023/1/11"
"b1f8d8610e1250f7d455fc7f2a3d4cd0662d37f6","Wed, 11 Jan 2023 23:22:57 GMT","2023/1/11"
"88ba537f32eb2455399b0d55a4ef7ade8af72c6b","Wed, 11 Jan 2023 23:27:50 GMT","2023/1/11"
"2cb142f7bb9760ddac3e9f61b9e42c1907a0d77d","Wed, 11 Jan 2023 23:32:58 GMT","2023/1/11"
"ae35fe6c3901b638b5e93b4dbb592e57a13dedf7","Wed, 11 Jan 2023 23:34:21 GMT","2023/1/11"
"2be4af739c8580120949db888ad94de456e399c1","Wed, 11 Jan 2023 23:36:56 GMT","2023/1/11"
"4d665b7775ffc8d2ab5af2f5b6d13139af2bc75b","Thu, 12 Jan 2023 00:06:21 GMT","2023/1/12"
"e8be5a838bcdd1eecf83906621a778f29e85a833","Thu, 12 Jan 2023 00:19:20 GMT","2023/1/12"
"84ff60fb132fc1e35160118631aaf07cbf1726bb","Thu, 12 Jan 2023 01:17:00 GMT","2023/1/12"
"cbd51822458985fdf6d3168482e939ac81d0e673","Thu, 12 Jan 2023 01:19:02 GMT","2023/1/12"
"11dce3acd809dbd501aae96128ed8d3b9426563d","Thu, 12 Jan 2023 03:34:11 GMT","2023/1/12"
"adb3eda305cc8f10c159a7b0202dffc0e9db531c","Thu, 12 Jan 2023 10:17:13 GMT","2023/1/12"
"2d0c7f9c3aec699a2aad019ef0d40fd9d825a325","Thu, 12 Jan 2023 15:00:11 GMT","2023/1/12"
"c03360839e7ba8ccc203a51bd2059132b79a060c","Thu, 12 Jan 2023 15:28:03 GMT","2023/1/12"
"9ef8efebf10a239a43c3a366781188ab3daa14aa","Thu, 12 Jan 2023 15:30:49 GMT","2023/1/12"
"207ed7e95b08931c7e34f053c1c425ba622d3bec","Thu, 12 Jan 2023 16:00:26 GMT","2023/1/12"
"b4e1c9155db5f514410c5a281282e9b9c1c52743","Thu, 12 Jan 2023 16:23:23 GMT","2023/1/12"
"6ecd4b60bbff044d2d3e8078b8c3ae82267f836e","Thu, 12 Jan 2023 17:53:32 GMT","2023/1/12"
"7ea74d532a295fb1510f71156ae19c3a66a30951","Thu, 12 Jan 2023 18:37:10 GMT","2023/1/12"
"6375ec662ea24de895507865f6390152dc57ad06","Thu, 12 Jan 2023 18:37:15 GMT","2023/1/12"
"88ebf3e102c78eccda7a42397139f8ba2c585a83","Thu, 12 Jan 2023 19:16:35 GMT","2023/1/12"
"a26ed107292ff99177c89018bd07c28e3317c14d","Thu, 12 Jan 2023 19:20:33 GMT","2023/1/12"
"39d2398d9f8369b66a1687fd84e3e28b560b6faa","Thu, 12 Jan 2023 19:26:01 GMT","2023/1/12"
"ae2450c1052a5aeb4f15ff70a7ed0ca300c4bd15","Thu, 12 Jan 2023 19:34:39 GMT","2023/1/12"
"4a0d5a39d8d038bd0ea9fd0aa61db00f8f07288e","Thu, 12 Jan 2023 19:48:07 GMT","2023/1/12"
"163d78f1077319def67423816e59c9802303c4cb","Thu, 12 Jan 2023 19:57:17 GMT","2023/1/12"
"55e9e455a70e17ca3493b973a825d8497b6ab005","Thu, 12 Jan 2023 20:03:59 GMT","2023/1/12"
"9133695b539893d33e590e762528543468008b42","Thu, 12 Jan 2023 20:05:41 GMT","2023/1/12"
"03b53b8e7e217ddf63a07c30138aed2e1c5b9d03","Thu, 12 Jan 2023 20:23:31 GMT","2023/1/12"
"a286ee4ea17af7f6e3e95deccf4a8ca99df74b4a","Thu, 12 Jan 2023 20:24:04 GMT","2023/1/12"
"960196fa1b193f198f7617679291e2ed1bf050a2","Thu, 12 Jan 2023 20:35:35 GMT","2023/1/12"
"8b31d0b058e5201760cad271305ffc371eea1d68","Thu, 12 Jan 2023 20:43:17 GMT","2023/1/12"
"edd613e6f07a9d13632a74972a54fa385232a331","Thu, 12 Jan 2023 21:01:18 GMT","2023/1/12"
"b91a4e80ab73ef6a801d8b7146a7a855773658a7","Thu, 12 Jan 2023 21:01:46 GMT","2023/1/12"
"e37a6aad0974f191a20a4d11c609954798591cce","Thu, 12 Jan 2023 21:08:03 GMT","2023/1/12"
"cab1b7a79ef797ad001df6786a1a258d5e8bf3d6","Thu, 12 Jan 2023 21:16:16 GMT","2023/1/12"
"cf6d39281a02d5e63ffae91d8cd35150b1b76791","Thu, 12 Jan 2023 21:21:54 GMT","2023/1/12"
"13b4826aa7ace21310c816f3dbac856198484744","Thu, 12 Jan 2023 21:41:57 GMT","2023/1/12"
"c78760062f7ae4719e580681558bd2548779e577","Thu, 12 Jan 2023 21:51:40 GMT","2023/1/12"
"fac4ce8e8ba534600f2c2affc80c408a7ff9c1bf","Thu, 12 Jan 2023 21:53:47 GMT","2023/1/12"
"e880cb849e8a51e020b208faada7cf44fef244ef","Thu, 12 Jan 2023 21:58:07 GMT","2023/1/12"
"afa2dd9b8df1efcb00d66606eaa87f9eb3b4812b","Thu, 12 Jan 2023 22:10:47 GMT","2023/1/12"
"032d9548f40dcc8229a1de977e443e6b76102165","Thu, 12 Jan 2023 22:25:35 GMT","2023/1/12"
"53ace0b199a5632d2affa863ab2c30d7c91ceb9c","Thu, 12 Jan 2023 22:25:31 GMT","2023/1/12"
"7e8d6f30ba34b86679c2f10c3dfee2193e3e29ac","Thu, 12 Jan 2023 22:26:32 GMT","2023/1/12"
"2678f1098f4e64982297648f32125995962ea373","Thu, 12 Jan 2023 22:40:13 GMT","2023/1/12"
"d8a17bc08193bc9fe6fd9b76a09baae06b3e4efc","Thu, 12 Jan 2023 22:43:33 GMT","2023/1/12"
"7af37a1cfe218f26a6b55899c5b96d78a0055b4d","Thu, 12 Jan 2023 23:19:07 GMT","2023/1/12"
"e2b3a61ba9775ff1f8c204fd89c8aa86a36844c7","Thu, 12 Jan 2023 23:23:44 GMT","2023/1/12"
"6448d8c05d12e2a1ca1bff399878e6d28df6034a","Fri, 13 Jan 2023 00:48:38 GMT","2023/1/13"
"c5a03092af71b527f6837a8afea36759b2867fe5","Fri, 13 Jan 2023 01:01:12 GMT","2023/1/13"
"1f350a3227ff1ec97549cea54dcf106d6a7dcdb1","Fri, 13 Jan 2023 01:43:22 GMT","2023/1/13"
"cb8b33e840a04546a29c15d718b384182766023a","Fri, 13 Jan 2023 02:18:00 GMT","2023/1/13"
"5b6b66cf7151026d722e86e9e8baa4c37de67d97","Fri, 13 Jan 2023 03:32:54 GMT","2023/1/13"
"9a1e87f83a2241293229da3999c7acb3e7a16c3b","Fri, 13 Jan 2023 03:45:35 GMT","2023/1/13"
"042c65c5ca78fbf5edef894da8bff30b55bd1e66","Fri, 13 Jan 2023 06:52:30 GMT","2023/1/13"
"48f2e8ae3e596519628683cba30e0c569fb96fef","Fri, 13 Jan 2023 15:42:17 GMT","2023/1/13"
"fdd6b6c35f114f2e4384807bef3b4d743cdde4a6","Fri, 13 Jan 2023 16:36:32 GMT","2023/1/13"
"ad9b768b927a414e28716da884640068c6b1f41a","Fri, 13 Jan 2023 18:06:19 GMT","2023/1/13"
"6245acacf6d09db09af0de4cfb1bf664166fee8c","Fri, 13 Jan 2023 18:23:46 GMT","2023/1/13"
"b3370cadae187c4a3938dc9fee464b5d967f5f22","Fri, 13 Jan 2023 18:39:06 GMT","2023/1/13"
"32f188ed57ce1a0e36aa65c3b5383df2abe685ff","Fri, 13 Jan 2023 18:47:42 GMT","2023/1/13"
"9339c703031ee2be2e4826ad34f308de3025c60d","Fri, 13 Jan 2023 18:56:51 GMT","2023/1/13"
"0f7031a8776392acd51a30e2f2ffa3525aceed5a","Fri, 13 Jan 2023 18:58:32 GMT","2023/1/13"
"cdf81489bc39034ab1f174daa854143977a0c5a3","Fri, 13 Jan 2023 19:02:33 GMT","2023/1/13"
"d4747b14718488dc95d38efab1aff05fd61e1370","Fri, 13 Jan 2023 19:05:36 GMT","2023/1/13"
"1966057772d025221d56927b627fe8f840ac895a","Fri, 13 Jan 2023 19:15:16 GMT","2023/1/13"
"660afa50ff86e77b3ba73c113b4c178cf83d4fba","Fri, 13 Jan 2023 19:28:49 GMT","2023/1/13"
"c89d50e05acc3edf974add687248101ab9aab8ee","Fri, 13 Jan 2023 19:31:55 GMT","2023/1/13"
"64bb62a9ac5a24e6fd816164e9f4911a4764991f","Fri, 13 Jan 2023 19:33:25 GMT","2023/1/13"
"8b676e5fe2636f547f23b7afe77e6841ccc507fd","Fri, 13 Jan 2023 19:38:20 GMT","2023/1/13"
"eaa664d005d87fd22b655615ea7b605809a42c48","Fri, 13 Jan 2023 19:54:16 GMT","2023/1/13"
"d9ff488a716d1892b8da7bc176efc54fee4d6c99","Fri, 13 Jan 2023 19:59:21 GMT","2023/1/13"
"765b4e72183a6d0e5d0c7131c7ca10bc8b947a22","Fri, 13 Jan 2023 20:47:22 GMT","2023/1/13"
"ebed5be7ab7941c95473e02b8c1e55a60e40f9a6","Fri, 13 Jan 2023 21:27:19 GMT","2023/1/13"
"0528fc3e88f0c52f702e0f86473b9e857708deca","Fri, 13 Jan 2023 21:39:50 GMT","2023/1/13"
"c65e3d2b1e4e5e41a7d382234a45416d73c0cbd3","Fri, 13 Jan 2023 21:49:16 GMT","2023/1/13"
"fad28ae5867e031e619572b3d455a74c98631c76","Fri, 13 Jan 2023 22:11:53 GMT","2023/1/13"
"d7b6fe83343bff434b32cfc8208d6b910f54f35c","Fri, 13 Jan 2023 22:23:02 GMT","2023/1/13"
"19705f412226191322ed0c910b1eb994be8944b7","Fri, 13 Jan 2023 23:44:27 GMT","2023/1/13"
"c0ac5d5c70c5f06e62be338f2e185decf04affc1","Fri, 13 Jan 2023 23:54:41 GMT","2023/1/13"
"7b93aeacaeafd4cb84f1a62ab227ad0a1b2d58b8","Sat, 14 Jan 2023 00:05:47 GMT","2023/1/14"
"c868daeff9dc333f485eefb3ccf5cd6cd2136301","Sat, 14 Jan 2023 00:06:15 GMT","2023/1/14"
"e5d81a9c8572a42674e5cf1fb5efaec642902d6d","Sat, 14 Jan 2023 00:17:56 GMT","2023/1/14"
"76e0b36ff4755682c6a0965f6cca72b3894dc1b4","Sat, 14 Jan 2023 00:32:07 GMT","2023/1/14"
"4d3175808302ec8ebf91ea977796724a97b342be","Sat, 14 Jan 2023 00:38:34 GMT","2023/1/14"
"ba0fcd40c975dfa446c09216719f622bff362bbb","Sat, 14 Jan 2023 00:46:48 GMT","2023/1/14"
"e3c20e4ec38bff7f8692321f9a89310503bc2cbb","Sat, 14 Jan 2023 01:15:40 GMT","2023/1/14"
"008098254537b5b26262a36917ec5e31a9efea17","Sat, 14 Jan 2023 01:53:05 GMT","2023/1/14"
"78197a3594f0eed1fec33f9b59f1852627281435","Sat, 14 Jan 2023 02:11:17 GMT","2023/1/14"
"a0e5c0220308e679367e0febed4a5afb2e8b03bd","Sat, 14 Jan 2023 02:29:13 GMT","2023/1/14"
"dbb500dee70bd09a9716de1416eabf00041835a7","Sat, 14 Jan 2023 03:29:43 GMT","2023/1/14"
"5d498b5350989053d0594f31ac3e36cbfed28e80","Sat, 14 Jan 2023 08:16:22 GMT","2023/1/14"
"2384cdeb312d779ffc6265843106b85288d43851","Sun, 15 Jan 2023 20:14:41 GMT","2023/1/15"
"2fe6bfc591a90abd81bc5c57434ed097c9b5255b","Tue, 17 Jan 2023 12:15:06 GMT","2023/1/17"
"dd66681c348ad95463acab810de42421b8b6bbf1","Tue, 17 Jan 2023 16:02:08 GMT","2023/1/17"
"1aea56df62eb9a2731502285df5f135c524ffb55","Tue, 17 Jan 2023 16:50:01 GMT","2023/1/17"
"f373ed12b85c390117b8df01c402e8034daf9a4e","Tue, 17 Jan 2023 17:11:06 GMT","2023/1/17"
